id;full_name;email;phone_number;address;image_url;is_enabled;phone_verified;email_verified;kk_use_id;role;created_date;modified_date;created_by;modified_by
1;lime Savings;Colten.Mayer91@gmail.com;overriding;Kids Iowa overriding;scalable Place hack;true;false;false;Pizza transmitting Korea;ROLE_MANAGER;2022-05-21T11:11:28;2022-05-20T23:44:26;navigating;Factors deploy
2;Manager distributed;Beaulah88@gmail.com;green Senior Virginia;navigating payment;platforms Bolivar;false;true;true;Shirt;ROLE_STUDENT;2022-05-21T08:43:11;2022-05-21T01:13:02;heuristic China;initiative
3;Regional;Rosendo.Schuppe@hotmail.com;Togo seize panel;reintermediate;Consultant;true;false;true;interface Tanzanian;ROLE_MANAGER;2022-05-21T12:58:49;2022-05-21T15:23:54;haptic Seychelles content;Spain deposit
4;Minnesota streamline;Scotty.Casper@hotmail.com;Cuban Avon;Florida;white Hong;false;true;false;plug-and-play Tala drive;ROLE_SCHOOL;2022-05-21T14:08:08;2022-05-21T00:13:04;Singapore;Automotive Soft
5;Equatorial;Heath53@yahoo.com;Jewelery Locks;Usability Practical Pound;revolutionary;true;true;false;hack Well withdrawal;ROLE_STUDENT;2022-05-20T23:57:11;2022-05-21T05:33:38;Path connecting architect;empowering compressing
6;leverage;Xzavier8@yahoo.com;sensor Cheese;copying;bypass Cheese;true;false;true;orchid;ROLE_SCHOOL;2022-05-21T12:49:33;2022-05-21T12:43:00;rich Pants strategize;Poland
7;payment Chair Illinois;Kendall.Christiansen65@gmail.com;Rwanda;capacitor grow;lavender Awesome;true;false;false;strategic;ROLE_WORKER;2022-05-21T15:27:52;2022-05-21T10:46:23;system Handmade Metal;iterate
8;payment Metal budgetary;Xander44@yahoo.com;Grocery moderator Comoros;connecting;Ergonomic up;false;true;true;deposit;ROLE_WORKER;2022-05-21T09:00:03;2022-05-21T12:19:03;sexy Fresh schemas;networks Keyboard
9;Prairie killer Borders;Jared39@hotmail.com;neural;Mexico Forward;SDD moratorium functionalities;true;true;false;index Multi-lateral architect;ROLE_STUDENT;2022-05-21T14:59:17;2022-05-21T15:38:15;Borders Auto plum;Market Berkshire
10;indexing maroon;Isom76@gmail.com;Sports withdrawal Montana;Wooden generating blue;Unbranded transmit Awesome;true;true;false;Administrator homogeneous;ROLE_MANAGER;2022-05-20T17:55:25;2022-05-21T00:59:42;Market Account;copying
